Brand,Mileage,Engine_Size,Price
Toyota,13,2203,841783
BMW,27,2743,1698182
Honda,13,1478,617120
BMW,26,806,1438404
BMW,21,2391,1643112
Hyundai,26,1632,396260
Honda,19,2610,788819
Honda,10,1713,636225
Honda,27,2811,749863
BMW,27,2242,1583569
Toyota,23,2250,769442
Honda,24,2302,676220
BMW,21,925,1443303
Hyundai,13,1616,512766
Toyota,12,2629,892386
Hyundai,29,1375,341619
Toyota,21,2215,726045
BMW,16,1729,1651371
Maruti,20,2263,497604
Toyota,10,1632,744943
Hyundai,15,1854,537525
BMW,24,2448,1713409
Toyota,24,2700,838139
Maruti,28,2257,369918
Maruti,20,2199,424471
Honda,11,1242,607129
Honda,23,2922,764594
Hyundai,11,1356,480119
Toyota,13,1978,771927
Toyota,26,2837,775116
Honda,12,1162,540606
Toyota,22,2057,736372
Toyota,18,2641,826192
Maruti,16,2650,534586
Honda,24,2972,721187
BMW,20,1710,1573542
Honda,29,1044,464024
BMW,11,1341,1614768
Maruti,24,2969,595400
Hyundai,23,2972,630123
Toyota,29,2372,691819
Maruti,20,923,303876
Toyota,12,2531,874513
Hyundai,26,1585,390033
Hyundai,21,2843,626729
Maruti,24,1596,344399
Hyundai,25,876,344180
BMW,14,858,1489608
Hyundai,29,2323,528034
Toyota,15,2736,890625
Toyota,28,2956,807352
Toyota,14,2101,790813
Toyota,12,867,645431
BMW,10,2732,1827729
Honda,15,1164,513943
Maruti,24,1620,377173
Toyota,11,2202,832091
Hyundai,12,1746,545034
Toyota,26,2377,745651
Hyundai,21,2177,577993
Hyundai,27,2239,568961
Toyota,24,1561,649680
BMW,21,1140,1499799
Hyundai,25,1182,332127
Hyundai,17,1803,580593
Toyota,23,2356,782053
Hyundai,26,1099,320549
Hyundai,17,938,446119
Toyota,24,1158,537013
Toyota,23,1635,624848
Maruti,27,2322,411107
BMW,29,2427,1652473
BMW,16,2782,1808690
Hyundai,12,2103,614676
BMW,21,1708,1597750
Hyundai,12,1934,624172
Maruti,29,2986,469458
Toyota,23,1795,710558
Toyota,24,2951,850763
Toyota,23,2037,724549
BMW,16,2584,1765478
Maruti,26,964,222943
BMW,21,1798,1609919
BMW,29,2107,1569236
Maruti,13,1456,401366
Maruti,18,2709,546119
Maruti,15,2846,610118
Maruti,25,2911,505879
Toyota,11,1940,828209
Honda,17,2689,745227
Honda,20,1066,507901
Maruti,22,2645,567887
Honda,26,2508,656284
Honda,17,2310,742280
Maruti,27,1275,318142
Honda,27,1776,517206
BMW,23,2007,1655685
Hyundai,24,1843,471484
Hyundai,15,2760,684317
Maruti,20,1357,349018
Toyota,22,1817,665644
Maruti,10,2405,588546
Toyota,15,1682,692889
Hyundai,18,2994,712321
Maruti,17,1465,335407
BMW,20,2571,1773950
Honda,28,1663,514981
Toyota,18,1381,665377
Honda,26,1494,469264
Honda,21,2051,682728
Maruti,23,2410,511473
Honda,24,2039,605097
BMW,25,1198,1449301
Honda,29,2746,723866
Maruti,10,1514,447699
BMW,19,1503,1594995
Hyundai,17,2514,595652
Honda,27,2772,659217
Maruti,10,881,360729
Hyundai,11,1403,540657
Hyundai,10,2770,757555
Toyota,10,2510,924770
BMW,18,2846,1736622
Honda,22,1702,599742
Maruti,10,1164,440232
Toyota,22,962,558331
BMW,29,2663,1696685
Toyota,16,915,580688
BMW,11,1680,1672819
BMW,15,1639,1619706
Honda,16,2994,804676
BMW,23,2146,1629838
Toyota,27,1836,658428
BMW,24,1742,1579107
Honda,11,2524,790477
Honda,19,1937,686333
Toyota,21,821,548611
Hyundai,26,2549,617824
Hyundai,17,1482,476769
BMW,20,2633,1768086
Maruti,12,925,313185
BMW,15,1076,1575517
Toyota,18,2799,840041
Toyota,15,2027,818776
Toyota,18,1495,657636
Toyota,16,2109,770071
Toyota,18,856,589186
Honda,27,818,370404
Hyundai,21,912,375435
Toyota,17,1341,617273
Maruti,17,1378,411410
Maruti,27,1888,380193
Maruti,29,824,221722
Maruti,24,2372,511312
Honda,16,2848,774616
Maruti,20,2372,447614
Toyota,29,940,537537
BMW,25,2567,1685308
Maruti,13,1447,379558
Honda,15,1000,565166
Honda,12,1056,591316
Maruti,18,1346,343599
BMW,19,1601,1584485
Maruti,23,1741,373956
Honda,20,1213,549803
Hyundai,27,2814,619868
Toyota,21,2181,744889
Honda,21,1898,601485
Maruti,22,1709,362330
Toyota,22,987,611385
Maruti,28,2815,542952
Maruti,28,2113,427966
Hyundai,23,2892,601409
Toyota,13,2930,951753
Toyota,22,1946,751381
Hyundai,17,1157,478678
Honda,28,2351,606791
Maruti,21,1889,395359
BMW,27,2480,1612782
Maruti,15,961,366222
Maruti,27,1249,320702
Honda,28,2297,596483
Maruti,14,1836,490554
Hyundai,18,2958,658007
Hyundai,12,2750,758707
Toyota,19,2113,790824
BMW,28,2038,1570046
Maruti,12,1773,470722
Maruti,24,1431,344734
Honda,10,2390,768649
Hyundai,16,1850,586200
BMW,21,2388,1667726
Toyota,26,2493,812708
Hyundai,29,1236,389112
Toyota,14,2356,859877
Honda,13,1876,633095
Honda,21,2104,636769
Maruti,29,2878,497647
BMW,27,982,1428524
Toyota,26,2269,728215
Hyundai,28,2279,493403
Honda,18,2389,724760
Maruti,13,2387,594945
Maruti,11,1459,405666
Toyota,13,959,644876
Honda,11,1811,684355
BMW,24,852,1447722
Honda,11,1845,712664
Toyota,13,1853,725831
Toyota,15,2028,773767
Honda,16,2294,713465
Toyota,19,2289,820561
Honda,28,1835,571372
Hyundai,28,2750,563506
Honda,21,1649,570548
Honda,12,1153,549781
Toyota,22,1898,675159
Toyota,27,2539,747293
Maruti,17,2264,495916
Maruti,24,1790,422631
Hyundai,10,2064,644086
Maruti,12,2684,562477
Honda,17,2609,744903
Toyota,13,1911,737572
Maruti,25,1617,297236
Maruti,19,2599,520616
Hyundai,21,2760,675943
Hyundai,23,1688,451206
Honda,23,2655,695672
Toyota,11,1980,771205
Hyundai,14,1467,544640
Maruti,14,1432,376327
Toyota,15,2442,814743
Toyota,22,936,530924
Maruti,18,2746,546102
Hyundai,24,2497,598102
Maruti,23,1227,296192
Toyota,16,2275,824942
BMW,29,1618,1543084
BMW,11,2988,1831055
Honda,16,1906,691647
Maruti,15,997,339922
Maruti,26,2795,486345
Honda,11,1270,591224
Honda,12,2748,815441
Honda,14,1728,649203
Toyota,14,2810,927879
Maruti,10,1705,520587
Toyota,17,822,629296
Honda,21,1034,534554
Maruti,13,1924,528883
Toyota,22,1728,649172
Toyota,24,1322,650146
Honda,20,2608,704127
Maruti,19,1230,349130
Honda,12,1592,645147
Maruti,23,2429,530058
BMW,25,2536,1719260
Hyundai,19,1332,484010
Hyundai,19,2546,649418
Hyundai,21,2475,598533
Honda,18,2116,704726
BMW,10,1712,1639005
Maruti,14,1924,516474
Toyota,29,2325,679498
Maruti,17,2127,454147
Toyota,20,1823,666542
Maruti,21,2376,491711
BMW,10,2178,1719392
Toyota,29,2319,689712
Honda,20,2481,752546
Maruti,14,2797,637057
Maruti,24,1026,292052
Toyota,14,2059,817319
Honda,21,1672,537726
Honda,14,1691,682949
BMW,26,2278,1587669
Honda,26,1836,553133
Honda,21,1196,531255
Honda,24,1923,588193
Hyundai,24,2878,629576
BMW,15,1448,1567523
Maruti,21,1128,267628
Toyota,29,2282,694878
Maruti,27,1751,383136
BMW,23,2805,1750890
Toyota,11,2816,968229
BMW,18,2678,1714064
Honda,14,1996,672749
Toyota,29,2572,704491
Honda,10,961,609748
Maruti,12,2551,603117
Maruti,15,1575,412146
Toyota,14,2627,889112
Toyota,14,1851,812916
BMW,10,1739,1710612
BMW,26,1339,1456711
Honda,28,1621,565987
Toyota,23,2261,793452
Maruti,21,1888,429128
BMW,19,1155,1554481
BMW,29,1034,1414447
Maruti,27,2348,389321
BMW,20,2896,1808193
Honda,11,917,527714
Toyota,27,2901,794641
Maruti,16,2473,552172
Toyota,24,1867,661215
BMW,20,2900,1728748
BMW,27,1357,1536131
Maruti,21,2615,500803
Honda,15,2805,811130
Hyundai,29,1197,341881
Maruti,22,1474,391133
Hyundai,29,1186,392744
Hyundai,25,2958,633260
Honda,27,2864,717465
Hyundai,19,1683,497136
Hyundai,17,1340,490910
Honda,27,970,384175
Hyundai,10,1539,567556
Hyundai,17,2201,622136
Hyundai,15,918,443916
Maruti,14,2951,590718
Maruti,24,2795,531710
Maruti,24,2505,480168
Honda,11,2522,766506
BMW,10,2497,1744837
Hyundai,20,2244,548937
Hyundai,19,2559,602516
Honda,27,2324,583761
Hyundai,27,1464,443671
Maruti,26,832,264864
BMW,17,2902,1788051
Toyota,24,2859,868913
Hyundai,17,2351,656039
Maruti,26,1519,284608
Toyota,21,1283,640230
BMW,17,1772,1582978
Toyota,23,1106,563731
Maruti,13,1256,336576
Toyota,10,1130,673154
Honda,10,1024,550227
Toyota,28,2279,720400
Hyundai,25,1882,477210
Hyundai,23,1443,472867
Honda,25,1415,520501
Maruti,14,994,322522
Hyundai,18,1288,411184
BMW,11,2049,1758662
Hyundai,27,1902,480686
Hyundai,15,1947,605341
Maruti,18,2041,419285
Toyota,10,1315,667570
Hyundai,18,2425,663921
Honda,25,1927,560734
Toyota,22,1192,608713
BMW,18,1430,1609274
Maruti,22,2647,492939
BMW,18,1779,1668699
Toyota,20,1233,673021
Toyota,13,1077,656449
Toyota,11,1032,627570
BMW,15,2352,1722121
Toyota,23,2394,811062
BMW,13,1913,1674727
Toyota,15,825,600000
Honda,28,2217,631584
Toyota,15,1260,659130
BMW,11,1891,1727581
Hyundai,27,1806,454246
Toyota,22,2794,795637
Hyundai,18,1290,484262
Honda,28,1872,522016
Maruti,22,1015,310399
Honda,20,2523,671459
Toyota,10,2392,918704
Hyundai,16,958,395027
Hyundai,24,1485,394959
BMW,10,2576,1804843
Hyundai,21,2852,624829
BMW,16,2643,1786063
Maruti,24,2389,495793
Toyota,28,2496,757397
BMW,10,2746,1844459
Maruti,26,2862,536192
Hyundai,26,1945,504159
Hyundai,12,2381,619785
Maruti,21,2732,524865
Hyundai,15,2557,647333
Maruti,20,2850,551652
BMW,12,1789,1681091
BMW,17,2341,1716652
Maruti,23,1916,382492
BMW,23,1292,1477453
BMW,19,1419,1608849
BMW,11,2897,1896114
Honda,23,2346,658369
Toyota,18,1662,741783
Hyundai,12,2491,687404
Honda,17,2405,704728
BMW,25,1379,1544442
Maruti,11,2690,660043
BMW,15,2075,1684419
Toyota,21,2655,828537
BMW,14,2155,1715995
Maruti,11,1962,461843
Toyota,25,1156,579792
BMW,14,2424,1722667
Toyota,24,2806,829933
Hyundai,21,1669,477606
Hyundai,13,1685,589383
BMW,24,2801,1747495
Toyota,20,2213,744141
Maruti,25,2083,449253
BMW,15,1419,1615592
Hyundai,23,1682,504893
Hyundai,27,1596,402392
BMW,21,2972,1809331
Toyota,20,2096,753203
Hyundai,22,1418,450177
Toyota,20,2634,798310
Hyundai,25,1044,389929
Hyundai,24,1729,443620
Honda,24,2070,630508
Hyundai,13,1319,449047
Maruti,20,807,218502
BMW,28,2819,1690336
BMW,24,1294,1466959
Toyota,13,2429,837586
Hyundai,22,1862,485199
Maruti,28,986,205983
Toyota,11,2677,931258
Honda,23,2940,723663
Toyota,13,885,671826
Toyota,25,936,509453
Hyundai,29,2921,567235
Honda,23,2436,661964
Toyota,24,2551,830395
Maruti,12,2587,601145
Maruti,17,1671,434167
BMW,25,1743,1532603
Honda,19,2426,667147
Honda,13,1148,528753
BMW,27,2476,1626211
Toyota,11,1996,856781
Honda,26,809,369485
Maruti,22,2261,418723
Maruti,13,1466,445167
Hyundai,20,2322,545489
Honda,16,2976,848477
Toyota,21,1400,635646
BMW,19,1126,1543523
BMW,16,1779,1642537
Toyota,22,1428,656512
Hyundai,16,2429,613914
BMW,26,1073,1431785
Honda,19,1484,582187
Hyundai,19,915,342947
Honda,13,1660,675165
Maruti,29,2803,512372
Hyundai,13,1492,486846
BMW,16,1905,1665573
Hyundai,10,2961,787730
Hyundai,21,2592,624170
Hyundai,22,953,326565
Hyundai,19,2700,608060
Honda,24,2227,668486
Maruti,22,2089,447869
Toyota,18,1114,644217
Hyundai,18,1864,546758
BMW,24,904,1428382
Hyundai,19,2724,692309
BMW,19,2713,1783483
Honda,17,2016,674655
BMW,25,2224,1656284
Toyota,26,2572,784718
Maruti,14,2760,636284
BMW,13,2403,1786008
BMW,27,1508,1545749
Maruti,28,1450,324922
Toyota,13,1746,733156
Hyundai,16,1460,471005
BMW,19,2946,1746538
Maruti,27,1932,361219
Honda,28,1499,484227
Maruti,13,2838,614816
Honda,19,1351,537284
Toyota,10,1204,732891
Hyundai,27,1261,346532
Maruti,14,2979,640913
BMW,24,1673,1531344
Toyota,26,883,542239
Maruti,12,2222,488164
BMW,21,1020,1534572
Maruti,11,2191,530872
Honda,10,911,520316
Maruti,26,1414,275055
Maruti,25,2381,488995
Maruti,14,1274,398690
Toyota,24,2713,831421
Maruti,12,1070,402814
BMW,16,2720,1773298
Honda,20,2190,681608
Honda,19,839,472774
Maruti,18,2782,540009
Toyota,23,1793,644676
Toyota,22,2812,856624
BMW,11,1089,1565892
Maruti,12,1078,335945
Honda,16,1380,563753
Toyota,27,1662,663088
Maruti,12,1053,333266
Toyota,19,980,629698
Toyota,16,1480,659960
Honda,18,1624,580391
Hyundai,26,1499,392066
BMW,20,2149,1644817
BMW,16,2180,1713427
Honda,23,2473,698997
Toyota,28,2438,764990
Maruti,13,2757,606564
Toyota,15,1011,585728
Honda,19,2338,727089
BMW,16,1183,1549969
Toyota,22,2514,755142
BMW,23,1141,1486202
Maruti,13,2638,556089
BMW,17,2787,1828011
BMW,14,1643,1652561
Hyundai,10,2334,713815
Hyundai,13,1219,479583
Hyundai,12,2788,706954
BMW,18,2732,1734424
Honda,17,2649,797236
BMW,10,1105,1562431
Honda,15,1668,669724
Honda,18,1935,677256
Hyundai,16,2234,581804
Toyota,13,1005,691663
Maruti,22,1295,362358
Hyundai,26,2709,555843
Hyundai,11,1845,608389
Toyota,14,1012,644183
Maruti,21,1109,251344
BMW,17,2791,1801930
BMW,15,1071,1537884
Hyundai,17,2622,654591
Maruti,27,2879,558718
Hyundai,12,1242,445894
Honda,21,1053,447321
Hyundai,12,1320,499315
Hyundai,15,1776,579964
BMW,11,809,1562876
BMW,21,2383,1656076
BMW,11,1934,1738105
Honda,15,952,479930
BMW,26,2458,1617528
Maruti,12,2656,609914
Toyota,11,2014,816764
Maruti,29,2552,418683
Maruti,17,1904,442659
BMW,21,1694,1620178
Toyota,13,1911,775582
Toyota,14,903,634719
Toyota,22,2714,857086
Honda,24,1806,614859
BMW,25,1206,1432935
Toyota,19,2201,768895
Honda,25,966,412141
Hyundai,21,1308,431175
Hyundai,26,2461,534304
Honda,25,1562,509925
Honda,21,1480,548950
BMW,17,2920,1850602
BMW,29,1964,1568996
Hyundai,12,1381,560377
Toyota,25,1061,522481
Hyundai,22,2163,562377
Toyota,28,2131,731876
Toyota,17,2338,849419
BMW,14,1360,1605014
Maruti,29,1899,342196
Maruti,17,2703,589861
Honda,21,974,482578
BMW,10,2956,1825654
Toyota,29,991,522384
Maruti,15,864,288221
Toyota,27,2297,754991
Maruti,17,2367,515171
Maruti,16,1951,496068
Maruti,10,2737,640747
BMW,25,1168,1509777
Hyundai,21,1650,524134
Toyota,15,842,598731
BMW,29,2707,1723295
BMW,11,877,1498387
BMW,23,2624,1749625
BMW,13,2093,1743113
BMW,10,1473,1662182
Honda,27,1500,507994
Toyota,22,1558,686779
BMW,11,2723,1783065
Toyota,18,1701,662616
Honda,11,1792,661571
Honda,18,1991,688536
Toyota,10,2276,877311
Maruti,20,1189,366916
Hyundai,12,1799,544596
Maruti,29,1324,305022
Maruti,13,2655,604989
Maruti,27,2306,478087
BMW,15,1458,1622069
Honda,12,1690,609393
Maruti,20,2281,462723
Honda,24,1251,542557
Toyota,14,2337,829424
Hyundai,29,1682,447662
Toyota,19,1112,664756
Toyota,21,1639,715310
BMW,24,1174,1467467
Hyundai,26,1250,350699
Toyota,19,1394,698504
Toyota,15,2033,809278
Hyundai,27,1299,386574
Hyundai,22,1263,449583
Toyota,12,912,627205
Hyundai,19,1835,571482
Toyota,23,2724,790589
Toyota,15,939,599781
BMW,12,2224,1696890
Maruti,25,1316,285767
Toyota,16,2747,913928
Honda,29,2965,753227
Maruti,23,1687,398531
Maruti,18,2141,503448
Maruti,24,849,215483
BMW,12,818,1503752
Toyota,11,1525,776239
BMW,11,2273,1743425
Toyota,12,1251,724316
BMW,27,1964,1625222
BMW,23,1907,1609706
Honda,29,1014,374733
BMW,27,2349,1603654
Hyundai,19,927,434870
Honda,11,2645,805296
BMW,10,1559,1610858
Maruti,13,2615,586541
Hyundai,23,1160,367405
Hyundai,10,1368,511586
Hyundai,23,2215,589159
Honda,25,2397,630377
BMW,23,2492,1672840
BMW,29,1001,1428504
Maruti,12,2864,662143
Maruti,12,1317,369707
Hyundai,18,2148,625893
Maruti,15,2235,500565
Honda,22,2141,631082
BMW,11,1480,1605164
Hyundai,17,2788,646614
Maruti,11,2291,519977
Honda,13,1224,530546
Honda,24,2768,687893
Maruti,13,2512,550041
BMW,22,1577,1606340
Maruti,21,2945,539290
Hyundai,22,2626,640155
Maruti,23,1007,281807
Honda,29,2337,609753
Maruti,27,2459,427931
BMW,15,821,1515011
Toyota,20,953,544300
Maruti,11,2762,631812
BMW,28,1018,1435509
BMW,28,1468,1543757
Honda,14,2318,728532
BMW,28,2867,1684419
BMW,11,1749,1656078
BMW,19,2995,1764826
BMW,11,1202,1571301
Hyundai,20,1395,482634
Hyundai,27,2237,469940
Honda,24,1957,639085
Maruti,18,2542,532736
BMW,28,2106,1553469
Maruti,18,872,249829
Maruti,12,1280,368490
Honda,18,1359,555725
BMW,23,1544,1503467
BMW,28,2266,1646720
Toyota,16,899,656365
Maruti,25,1882,341421
Maruti,25,1212,233339
Hyundai,10,1888,644224
Toyota,13,1977,759577
Hyundai,13,2808,741429
Hyundai,16,1620,473921
Hyundai,17,1461,483585
Honda,26,1359,456160
Honda,14,2071,712615
Hyundai,16,2613,710394
Toyota,29,1409,599272
Maruti,29,824,239399
Toyota,13,2828,964148
BMW,15,1083,1575289
Honda,16,2272,675042
Maruti,27,1100,207947
Maruti,14,1891,493116
BMW,29,1830,1554316
BMW,12,1616,1645185
Hyundai,16,882,354807
Honda,23,2720,740972
Honda,16,2893,783101
Toyota,14,1417,662168
Hyundai,14,975,458536
Hyundai,11,1989,576472
Hyundai,15,1641,483504
Hyundai,24,1169,364329
Honda,19,2618,777136
Honda,16,2901,836526
Hyundai,14,1489,514124
Toyota,10,2579,861887
Maruti,22,2164,427233
Maruti,27,2232,393295
Toyota,22,1166,613450
Hyundai,27,1443,431834
Honda,14,872,505283
Maruti,22,2071,458023
BMW,13,1659,1628919
BMW,26,842,1375670
Toyota,12,1864,805547
Hyundai,26,2316,528533
Maruti,20,2886,618935
Hyundai,29,1168,388961
Maruti,13,950,289192
Toyota,11,1934,781026
Toyota,29,2303,763232
BMW,25,2259,1662834
Hyundai,27,1870,457890
BMW,17,1823,1637043
Hyundai,12,2398,689309
BMW,18,2840,1737209
Honda,29,2189,552883
Honda,15,868,546797
Honda,19,1743,566661
Honda,19,1601,548077
Maruti,22,860,280463
Honda,26,1745,528344
Toyota,18,2137,801402
Toyota,26,1984,717313
Maruti,18,1130,351882
Honda,18,2351,666583
Honda,10,1137,581246
Honda,11,2429,791799
BMW,25,2127,1636666
Hyundai,10,2326,624989
BMW,19,2473,1725498
Hyundai,27,2161,484273
Honda,17,2373,677747
Honda,20,1074,501113
BMW,11,1987,1668396
BMW,17,2793,1818364
Hyundai,17,1669,498022
Toyota,26,1814,631753
Hyundai,24,2711,614206
BMW,26,1402,1478440
BMW,22,2599,1665034
Maruti,28,1490,283993
BMW,14,1293,1576098
Maruti,21,1289,300196
Toyota,10,1189,670545
Hyundai,14,1094,407706
Hyundai,17,2192,546756
Maruti,22,2517,468105
Hyundai,17,1448,521585
BMW,20,2673,1709640
Honda,10,1367,633552
Maruti,22,1244,309449
Hyundai,28,1162,326647
Maruti,12,2970,698225
Maruti,26,2011,434971
Honda,14,1541,618206
BMW,29,2841,1708001
Maruti,17,1479,434084
Hyundai,23,2442,613802
Toyota,13,2372,898433
Maruti,20,2158,495118
Maruti,29,2939,529061
Honda,24,862,429150
BMW,28,1962,1598845
Toyota,16,2028,754043
Hyundai,28,1055,346570
Toyota,28,934,495893
Hyundai,20,1674,480616
BMW,14,1621,1599007
Hyundai,14,2935,697877
Honda,17,1622,619122
Honda,19,1773,648051
Honda,15,2577,808111
Honda,24,920,448248
Toyota,25,2437,771348
BMW,26,2164,1659968
Hyundai,17,1807,529166
Hyundai,17,1724,547918
Honda,18,1444,610502
Honda,11,2832,815357
Maruti,24,2868,559534
BMW,27,1041,1465313
Toyota,12,2419,894852
Hyundai,26,1602,424914
Maruti,13,1763,423170
Maruti,13,868,333808
Hyundai,23,1952,530895
Toyota,18,995,639944
Maruti,18,2987,650502
Maruti,27,1545,353343
BMW,19,2488,1707092
Toyota,13,1076,684642
Maruti,21,860,288606
Toyota,17,2713,821874
Hyundai,11,2899,748172
Honda,22,2572,686278
Maruti,25,2134,441142
BMW,11,2637,1803968
Hyundai,20,1366,457117
Toyota,19,2371,843790
Hyundai,24,1421,451996
Maruti,26,2825,539512
Toyota,17,2000,725781
Honda,27,1113,406465
Hyundai,18,2944,683733
Maruti,17,2036,501908
BMW,23,936,1504028
Toyota,27,1829,685296
Hyundai,29,2956,646458
Hyundai,29,1461,346245
Honda,21,886,503483
Honda,28,2923,684920
BMW,23,2108,1625329
BMW,26,2500,1625531
Maruti,12,1294,385138
Maruti,16,2447,576989
BMW,26,2742,1695974
BMW,21,1868,1656858
Toyota,18,2224,822076
Honda,24,1396,497231
Maruti,27,1249,278524
Honda,22,1284,477879
Honda,17,1445,568970
BMW,23,2429,1690960
Toyota,17,1461,685869
Hyundai,23,1557,452601
Toyota,16,1088,657213
Toyota,21,1520,666652
Honda,20,1437,571074
Toyota,20,1298,667636
Maruti,22,1433,295420
Honda,27,2473,672548
Maruti,11,2830,628298
Hyundai,24,914,348573
Honda,29,1473,458830
Hyundai,27,2536,558839
Honda,24,2057,580858
BMW,28,946,1459463
Toyota,21,2965,923006
BMW,22,1211,1490731
Hyundai,20,2487,638292
Toyota,14,2332,838183
Honda,10,936,520237
Toyota,12,818,628851
Maruti,28,2759,476674
Toyota,16,1801,725223
Maruti,21,1248,366824
Toyota,24,2748,863848
Maruti,14,1745,426049
Hyundai,24,2177,584543
BMW,17,2322,1721161
Honda,19,940,469063
Toyota,25,2720,827453
BMW,17,892,1516272
Honda,10,1038,540206
Honda,21,1004,526941
Maruti,14,2256,556254
Hyundai,12,1044,436626
Hyundai,10,1631,542322
BMW,13,1094,1548517
Hyundai,17,1655,514663
Toyota,12,2864,948666
Hyundai,19,870,387713
BMW,11,2092,1726771
Hyundai,20,2148,539481
Toyota,19,1104,591691
Maruti,23,1830,390994
BMW,16,2137,1661160
Maruti,11,1616,405479
Maruti,18,1926,490286
Maruti,25,1620,339751
Honda,22,992,508926
Honda,18,2576,747832
Maruti,29,1328,248151
BMW,13,1050,1584363
Toyota,19,2588,864491
Toyota,21,2826,865772
Hyundai,26,2203,479685
BMW,23,1967,1643783
Honda,23,2872,759512
Maruti,11,1896,467873
Hyundai,29,2647,582617
Toyota,20,1304,665423
Honda,25,2421,645380
Honda,28,2187,638623
Maruti,15,2022,525888
Toyota,28,1517,622426
BMW,14,1138,1549344
Honda,13,1458,613364
Maruti,24,1761,367353
BMW,13,1228,1596877
Toyota,29,1698,598125
Honda,19,938,523517
BMW,12,1341,1641111
BMW,14,2904,1871249
BMW,15,2055,1708056
Honda,17,1183,534264
Honda,16,993,541169
Hyundai,19,2695,651896
Toyota,15,1531,699534
Maruti,23,2963,605795
BMW,13,1484,1637922
Hyundai,22,881,327800
Maruti,29,1331,311892
Hyundai,26,2783,568640
Honda,16,1020,513196
BMW,13,1434,1600549
Maruti,23,2569,491011
Maruti,12,2674,584809
Maruti,14,802,338728
Maruti,25,2517,502729
Maruti,29,1005,178693
Hyundai,13,2655,687490
BMW,11,839,1533610
Honda,27,2906,690942
Honda,28,1443,486344
Honda,28,2330,582369
Honda,26,2707,709128
Hyundai,23,2943,664209
Toyota,28,1697,624856
BMW,22,1885,1612121
Maruti,21,2079,414768
Toyota,15,1470,678879
Honda,13,2305,782560
Toyota,28,1518,636932
BMW,25,1871,1533612
Maruti,22,2755,501101
Maruti,13,1959,485597
BMW,26,1049,1451699
BMW,10,2692,1844632
Honda,27,2653,688306
Maruti,29,2303,378195
Toyota,26,2034,652830
Hyundai,24,843,298371
Hyundai,20,1382,495730
BMW,22,2088,1658338
Honda,10,1019,605961
Hyundai,26,2725,569773
Maruti,15,1790,443849
BMW,13,2612,1819333
Toyota,29,1657,649836
BMW,25,1603,1532429
Toyota,24,1289,574187
BMW,24,2580,1659997
BMW,15,2293,1762553
BMW,24,2505,1678789
Toyota,23,853,514873
Toyota,20,1415,611126
BMW,16,1882,1665273
Hyundai,18,2648,606087
Honda,25,1754,576823
Honda,14,2429,744772
Honda,29,1449,486763
Toyota,19,1194,579941
Toyota,27,2159,686606
Hyundai,12,1170,501076
Honda,22,1657,532854
Honda,20,1590,558841
BMW,26,1457,1465308
Toyota,22,2192,719810
Honda,15,1183,568208
Hyundai,26,2909,610008
Hyundai,22,1038,378702
Honda,28,994,376475
Toyota,28,2908,861685
Hyundai,19,1952,512892
BMW,12,2815,1776740
Hyundai,23,955,312979
Maruti,28,1722,290274
Maruti,14,2409,584566
Toyota,14,1774,787960
Honda,29,2030,619370
Toyota,26,2614,755498
Toyota,19,1637,678200
Toyota,14,2807,880342
Toyota,13,2163,773609
BMW,15,1003,1578612
BMW,13,960,1552766
Hyundai,16,1191,495537
Maruti,16,1568,374265
Toyota,27,1893,639588
Hyundai,12,1204,435673
Maruti,10,1407,427561
Honda,13,2414,792407
BMW,15,2340,1710320
Maruti,18,2637,571426
Honda,23,1489,524274
Maruti,21,2040,469720
BMW,29,2903,1694184
BMW,13,1165,1588866
Hyundai,21,2522,600325
Toyota,19,1254,680603
Maruti,16,903,259609
Maruti,12,876,334340
Honda,23,1029,499786
BMW,19,2737,1785526
Maruti,25,2005,365428
BMW,25,1692,1564875
Maruti,19,2373,501154
Hyundai,22,2874,617121
Toyota,15,2475,808022
Maruti,21,1098,313863
BMW,18,1756,1643155
Hyundai,22,1914,484564
Maruti,13,2274,538237
Honda,20,1164,494832
Toyota,29,2498,754197
Maruti,27,1150,280524
Hyundai,20,2704,647048
Honda,13,1811,702167
Hyundai,27,1298,329601
Hyundai,10,1749,620330
Honda,16,2794,824697
Hyundai,15,2846,659781
Honda,24,1307,483913
Maruti,27,2127,358672
Honda,20,965,436128
Honda,29,1719,559018
Toyota,24,913,588797
Honda,25,1791,589836
Honda,16,2751,779851
Maruti,19,2058,465951
Toyota,21,1314,651672
BMW,23,2031,1609905
Maruti,14,1508,427412
Maruti,27,2985,531960
BMW,14,1138,1531199
Honda,12,867,535678
Hyundai,14,2396,658760
Toyota,26,2364,701203
Hyundai,28,1182,396609
BMW,28,818,1434173
Maruti,21,2921,532782
Maruti,18,1372,342407
Toyota,10,2099,876723
Maruti,27,2743,511206
Maruti,13,1450,410494
Toyota,19,2445,828132
Toyota,16,1793,761304
BMW,10,2138,1747044
Maruti,26,1700,350775
Maruti,11,2484,541949
BMW,20,2385,1718904
Honda,18,2723,741914
Honda,16,2581,751774
Honda,26,1936,569744
BMW,26,2744,1737391
Maruti,11,1837,461849
BMW,15,2538,1758675
BMW,23,1087,1430512
Honda,15,2390,769941
Hyundai,11,2545,734206
Maruti,10,1898,536488
Honda,19,1739,599431
Hyundai,14,2248,646489
Hyundai,11,1370,481675
Toyota,25,1800,626191
Maruti,11,2005,546184
Hyundai,19,1717,540068
Honda,11,2674,843258
Toyota,25,1632,661337
Maruti,25,2478,469345
BMW,28,1415,1461533
Honda,16,1205,589721
Hyundai,21,2549,657109
Hyundai,24,892,350923
Honda,17,1453,561974
Hyundai,15,1233,464580
Toyota,19,1935,718984
Maruti,12,1174,330615
Toyota,28,1866,672627
Hyundai,26,1006,390700
BMW,16,1579,1605066
Maruti,29,2119,407683
Maruti,13,1941,495905
Honda,23,1331,493506
Honda,29,889,425220
BMW,24,1917,1569712
Maruti,17,812,241808
BMW,24,2657,1664537
Honda,29,1604,521132
Honda,23,1744,624102
Maruti,18,2657,507882
Toyota,17,2410,841823
Hyundai,26,2759,594840
Honda,11,1852,649673
Honda,12,1095,600792
Toyota,17,1725,758511
Toyota,21,1439,634294
BMW,10,1427,1619390
BMW,19,1967,1598083
Hyundai,29,1741,452474
Hyundai,12,1629,514039
Maruti,15,2570,602634
BMW,16,1775,1683489
Honda,29,1754,481166
BMW,27,2062,1588546
Honda,20,1751,560183
Toyota,28,1743,668089
BMW,14,2004,1708752
Toyota,28,2935,825908
Hyundai,20,2334,578598
Hyundai,21,1896,478172
Maruti,19,978,334085
BMW,17,2628,1757236
Toyota,18,2057,773081
Honda,13,1264,548540
Hyundai,14,2574,641032
Hyundai,17,2030,613805
Honda,18,1684,615427
Toyota,24,2132,739231
Toyota,24,2454,750748
BMW,25,1744,1544566
BMW,23,1724,1552377
Maruti,17,2738,557267
Hyundai,27,1293,345124
BMW,19,2346,1692498
Toyota,29,2769,792549
Honda,15,1894,627898
Toyota,21,2625,841114
Hyundai,11,1562,513858
Toyota,16,849,610434
Maruti,25,1705,349987
Hyundai,12,1363,523947
Honda,22,1582,511478
Maruti,12,2840,666006
Hyundai,27,2631,545768
Honda,20,1383,520066
Maruti,17,2119,432648
Maruti,15,1035,292851
Hyundai,10,2903,730813
BMW,10,2742,1784095
Maruti,17,1159,385312
Maruti,14,2730,592764
Honda,25,909,459183
Toyota,20,991,541734
Hyundai,14,1703,589315
Hyundai,13,1916,610046
BMW,15,1661,1579881
BMW,23,1883,1549579
Hyundai,28,1449,371372
BMW,18,838,1433305
Honda,21,1436,574906
Hyundai,20,1836,509530
BMW,23,835,1420515
Hyundai,25,2948,624530
Toyota,10,2161,862619
Maruti,22,2783,506637
Hyundai,22,965,344541
Maruti,11,2679,654286
BMW,13,830,1541110
Maruti,15,810,343462
Hyundai,14,2811,699517
Toyota,12,2943,896343
BMW,10,1285,1662444
Hyundai,13,2089,579123
BMW,29,2247,1559289
Honda,11,2743,794313
Maruti,14,2763,603865
Honda,12,2651,820618
Hyundai,18,2269,606780
Toyota,29,2166,644415
BMW,15,1790,1695706
Maruti,27,1624,292205
BMW,15,2262,1725540
Hyundai,28,2953,574536
BMW,21,1025,1466936
Maruti,20,1576,353328
Hyundai,11,1912,647064
BMW,24,1487,1564137
Toyota,21,1329,668379
Hyundai,21,1771,468361
Hyundai,18,1735,521212
Toyota,11,2222,815339
Honda,12,2953,833511
Maruti,21,2094,471583
Honda,25,2798,767571
BMW,10,2326,1800295
Toyota,12,1478,764358
Honda,29,839,345427
Hyundai,11,1905,576100
BMW,18,1644,1586398
BMW,28,2543,1704884
Honda,24,1246,526317
Honda,27,2034,549885
Toyota,20,2150,784727
Maruti,25,1026,265857
Honda,26,847,434481
Honda,14,2262,694597
Hyundai,21,2630,648394
BMW,20,986,1501672
Maruti,24,2732,487381
Hyundai,12,1648,556392
Toyota,10,2832,896262
Toyota,29,2052,689973
Honda,25,2213,597461
Honda,11,1778,704806
Toyota,11,2412,872465
Honda,12,1816,670814
Maruti,17,2681,597160
Honda,24,1069,490923
BMW,16,2430,1780165
Honda,15,1109,509736
Hyundai,18,2843,686910
Maruti,29,2374,380321
Hyundai,10,1895,577724
Hyundai,17,2495,609295
BMW,12,2245,1782069
Maruti,13,2967,595972
Maruti,24,1019,233556
Maruti,15,852,300571
Maruti,24,2557,493885
Maruti,12,2274,593115
BMW,23,2466,1688849
Honda,29,2060,597714
Hyundai,23,1519,489408
Maruti,13,1205,341990
Honda,21,871,504406
Honda,26,2653,642666
Hyundai,16,2853,666524
BMW,18,2029,1693605
Toyota,12,2367,882767
Toyota,22,1186,595966
Honda,24,2591,708476
Hyundai,27,1498,378913
Toyota,28,2000,697916
Honda,10,1626,680051
BMW,15,2622,1774206
Toyota,11,1148,634663
Honda,23,2078,609673
Honda,15,1107,570744
Maruti,23,1950,379151
BMW,13,2760,1828694
Maruti,17,1565,368758
Hyundai,12,1524,553074
Maruti,28,2419,427035
Maruti,23,1182,331224
Toyota,29,1324,591017
Honda,26,1075,474389
BMW,17,1136,1519380
Maruti,23,2773,504454
BMW,15,1280,1576970
Maruti,25,1710,323266
Hyundai,28,2796,639322
Maruti,23,2151,400345
Toyota,28,2833,768746
Honda,12,2554,779643
Hyundai,19,908,348759
Maruti,28,1127,228189
BMW,18,2599,1704652
Hyundai,29,1114,358943
Hyundai,22,1934,504305
Maruti,16,1580,457750
Hyundai,23,2320,548159
BMW,18,955,1460766
Hyundai,28,2296,520892
BMW,24,2524,1665686
Maruti,29,1686,301380
Honda,23,1521,546241
Hyundai,15,1712,534566
Honda,13,1670,635237
BMW,17,812,1445065
Hyundai,26,1297,407540
Toyota,18,2556,881117
Honda,10,1917,672936
Hyundai,29,1994,454525
Honda,23,2804,729854
Hyundai,20,2447,646913
Maruti,12,2390,566134
Honda,18,2290,736217
Toyota,23,942,554962
Toyota,18,2024,796588
BMW,13,1364,1649887
Hyundai,13,2515,710777
Honda,17,1216,571852
BMW,11,2648,1769343
Honda,18,2517,774941
Hyundai,23,2190,510081
Toyota,18,1867,753493
Maruti,25,2666,479324
Toyota,26,1921,718994
BMW,25,2088,1605184
Maruti,21,2606,514405
BMW,12,2987,1864749
Hyundai,20,2304,562557
Maruti,23,1816,363864
BMW,27,1752,1520449
Hyundai,14,871,410715
Toyota,25,2490,816161
Hyundai,29,2091,466408
Honda,14,2144,665196
Hyundai,12,2954,713474
Hyundai,21,1682,438075
Honda,10,938,538088
BMW,18,2304,1672629
BMW,18,1532,1619781
Hyundai,13,2548,681839
Honda,12,1223,552095
Honda,26,2391,631755
Toyota,11,1189,654018
BMW,10,1141,1557110
Maruti,17,1745,387107
BMW,22,1413,1550554
BMW,24,1292,1503596
Toyota,17,991,578454
Maruti,21,1298,291326
Toyota,21,1621,653282
Maruti,23,2535,454201
Hyundai,24,2056,472849
Maruti,24,2768,492265
Toyota,18,1026,569030
BMW,28,2194,1644460
Maruti,29,2986,528187
Maruti,17,1616,408102
Honda,28,2273,603943
BMW,15,1886,1644775
Hyundai,29,903,259504
Toyota,28,2674,826909
Hyundai,13,1670,545017
BMW,16,1467,1618418
Maruti,13,2842,601970
Maruti,21,1072,291912
BMW,22,1829,1636738
Maruti,12,1851,520806
Maruti,21,2373,466257
Maruti,11,1092,392887
Toyota,11,2905,945672
Toyota,18,2092,782880
Honda,10,1107,629398
Hyundai,17,1776,559735
BMW,15,2051,1663962
BMW,15,2070,1707485
BMW,27,2317,1639158
Honda,26,2930,771462
Toyota,21,2009,723627
Honda,15,2178,688251
BMW,17,2573,1789763
Hyundai,28,2519,560447
Maruti,19,2842,569512
Toyota,10,1595,718887
Toyota,22,1696,671658
Honda,26,2761,691843
Toyota,12,1009,615174
BMW,17,1767,1606000
BMW,23,1271,1480138
Honda,12,1722,612515
BMW,25,936,1401923
Hyundai,22,1166,424800
Honda,29,983,434139
Hyundai,26,2198,495534
Maruti,22,1336,308874
Hyundai,15,2402,633366
Maruti,26,2073,452821
Maruti,23,1896,360800
Hyundai,26,2105,468095
Honda,17,1715,605146
BMW,20,951,1518080
BMW,29,1828,1521099
Maruti,10,2018,500929
Maruti,16,2777,544133
Honda,26,1070,407397
Toyota,19,1986,767437
Hyundai,20,1259,383417
Maruti,18,904,316407
BMW,18,2510,1759739
Honda,14,1233,536279
Hyundai,26,939,354642
Honda,18,2294,650328
Hyundai,26,886,365182
Hyundai,28,2511,584864
Maruti,16,928,298252
Honda,18,2069,674119
Honda,16,2401,728182
BMW,22,1469,1583071
BMW,20,948,1465886
Maruti,23,1784,410581
Maruti,28,1651,372452
Toyota,20,2256,791661
BMW,22,1427,1490859
Hyundai,23,2292,551585
Honda,22,2844,737147
Maruti,10,1683,465268
Honda,17,2588,774127
Honda,21,1049,505031
Toyota,28,1747,667515
BMW,21,1774,1637962
Maruti,17,2125,528277
Honda,17,1783,618783
Maruti,22,1688,343776
Hyundai,21,2917,658955
Toyota,25,1674,695100
Hyundai,10,2126,662679
Maruti,22,1270,296101
Maruti,16,2787,607996
BMW,14,890,1538856
Honda,17,1329,565466
Honda,23,1460,547894
Hyundai,22,1538,439335
Toyota,24,1671,616115
Honda,26,2486,671654
BMW,24,991,1504625
Hyundai,29,2786,628750
Hyundai,27,2985,666869
BMW,27,1144,1498291
Toyota,11,1808,772071
BMW,13,1002,1559174
Toyota,10,1372,753533
BMW,13,991,1524161
BMW,27,2852,1742760
Maruti,14,2713,593771
Hyundai,28,2516,569176
BMW,24,1110,1494667
BMW,17,2903,1824585
Honda,29,1242,448762
Hyundai,26,2060,512382
Honda,10,1669,710544
Hyundai,21,1384,422174
Honda,28,2394,627010
BMW,24,2337,1682081
BMW,18,1159,1505036
Maruti,16,2523,595231
Honda,11,2877,816363
Toyota,18,2602,875112
Maruti,19,2811,605175
Honda,11,2955,883532
Honda,28,1643,491007
Maruti,20,2425,481810
BMW,22,1690,1586366
Honda,19,2791,788754
BMW,23,2782,1767877
Maruti,27,1759,303930
BMW,28,2268,1580054
Hyundai,18,2261,612845
Toyota,16,1531,678675
Honda,12,1405,617732
Toyota,29,1414,571181
BMW,15,2804,1754968
Honda,11,2519,839471
BMW,15,1473,1578044
Hyundai,12,2070,610540
Maruti,25,2387,474816
Honda,17,2411,758703
Hyundai,11,1696,540391
Hyundai,26,2262,482601
Honda,18,1077,496160
BMW,21,1351,1566113
Hyundai,12,2436,654078
Toyota,20,2958,858166
Hyundai,10,1560,584440
BMW,22,2249,1652225
BMW,24,1204,1464681
Toyota,14,2158,786054
Hyundai,26,2032,540097
BMW,15,821,1471450
Honda,20,1477,575934
Maruti,27,2828,553227
Maruti,13,2031,511542
Maruti,12,2855,617775
Hyundai,22,2608,591732
Toyota,18,1328,611664
BMW,15,2837,1772112
Honda,21,2476,708914
Honda,11,1456,654619
Hyundai,12,965,431384
Maruti,12,1648,401260
Hyundai,21,1295,385519
Toyota,24,1389,629493
Toyota,18,1228,613265
BMW,17,962,1461195
BMW,20,2062,1680159
Toyota,25,871,493002
Toyota,13,1454,713837
